timestamp,type,lat,lon,battery,threat_score,status_msg
2026-02-24 19:28:28,SYNC,11.2102358,78.1888144,0,8.34,SYSTEM_IDLE
2026-02-24 19:28:35,AI_SCAN,11.2102358,78.1888144,64,90.88,SCANNING_ENVIRONMENT
2026-02-24 19:28:44,SECURE,11.2102363,78.1888121,64,0.48,SECURE_MODE
2026-02-24 19:28:59,SYNC,11.2102334,78.1888165,64,7.35,SYSTEM_IDLE
2026-02-24 19:34:34,AI_SCAN,11.2102334,78.1888165,64,76.93,SCANNING_ENVIRONMENT
2026-02-24 19:34:44,SECURE,11.2102358,78.1888144,64,1.67,SECURE_MODE
2026-02-24 19:34:52,SYNC,11.2102366,78.1888113,64,11.02,SYSTEM_IDLE
2026-02-24 19:34:54,AI_SCAN,11.2102366,78.1888113,64,77.66,SCANNING_ENVIRONMENT
2026-02-24 19:35:27,AI_SCAN,11.2102366,78.1888113,64,85.42,SCANNING_ENVIRONMENT
2026-02-24 19:35:38,SOS,11.2102358,78.1888136,64,100.0,EMERGENCY_ACTIVE
2026-02-24 19:35:46,SYNC,11.2102358,78.1888136,64,4.67,SYSTEM_IDLE
2026-02-24 19:40:30,AI_SCAN,11.2102358,78.1888136,64,98.54,SCANNING_ENVIRONMENT
2026-02-24 19:40:42,SECURE,11.2102359,78.1888151,64,1.83,SECURE_MODE
2026-02-24 19:40:59,SYNC,11.2102358,78.1888144,64,10.09,SYSTEM_IDLE
2026-02-24 19:41:07,SOS,11.2103344,78.1888206,64,100.0,EMERGENCY_ACTIVE
2026-02-24 19:41:14,SYNC,11.2102335,78.1888165,64,8.04,SYSTEM_IDLE
2026-02-24 19:42:01,SYNC,11.210329,78.1888219,64,4.17,SYSTEM_IDLE
2026-02-24 19:42:17,SYNC,11.2102359,78.1888129,64,4.34,SYSTEM_IDLE
2026-02-24 19:42:44,AI_SCAN,11.2102359,78.1888129,64,77.47,SCANNING_ENVIRONMENT
2026-02-24 19:42:48,SYNC,11.2103376,78.1888214,64,13.57,SYSTEM_IDLE
2026-02-24 19:42:56,SYNC,11.2102359,78.1888129,64,4.55,SYSTEM_IDLE
2026-02-24 19:43:04,SYNC,11.2103366,78.1888254,64,10.42,SYSTEM_IDLE
2026-02-24 19:43:11,SYNC,11.2102338,78.1888137,64,10.26,SYSTEM_IDLE
2026-02-24 19:43:38,SYNC,11.210335,78.1888251,0,13.45,SYSTEM_IDLE
2026-02-24 19:43:42,AI_SCAN,11.210335,78.1888251,59,83.14,SCANNING_ENVIRONMENT
2026-02-24 19:43:54,SYNC,11.2102344,78.1888121,0,12.0,SYSTEM_IDLE
2026-02-24 19:44:16,AI_SCAN,11.2102344,78.1888121,59,97.46,SCANNING_ENVIRONMENT
2026-02-24 20:11:15,SYNC,11.2102341,78.1888129,0,10.23,SYSTEM_IDLE
2026-02-24 20:11:21,AI_SCAN,11.2102341,78.1888129,53,86.75,SCANNING_ENVIRONMENT
2026-02-24 20:11:30,SECURE,11.2102359,78.1888151,53,1.87,SECURE_MODE
2026-02-24 20:11:38,SYNC,11.2102363,78.1888121,53,5.29,SYSTEM_IDLE
2026-02-24 20:11:46,SOS,11.2102358,78.1888144,53,100.0,EMERGENCY_ACTIVE
2026-02-24 20:11:54,SYNC,11.2102363,78.1888121,53,7.12,SYSTEM_IDLE
2026-02-25 09:43:57,SYNC,11.3988074,78.1630343,0,8.45,SYSTEM_IDLE
2026-02-25 09:44:23,AI_SCAN,11.3988074,78.1630343,72,90.4,SCANNING_ENVIRONMENT
2026-02-25 09:45:28,AI_SCAN,11.3988074,78.1630343,72,86.41,SCANNING_ENVIRONMENT
2026-02-25 09:46:51,AI_SCAN,11.3988074,78.1630343,72,89.58,SCANNING_ENVIRONMENT
2026-02-25 09:47:26,SYNC,11.3988074,78.1630343,72,14.93,SYSTEM_IDLE
2026-02-25 09:49:22,AI_SCAN,11.3988074,78.1630343,72,86.61,SCANNING_ENVIRONMENT
2026-02-25 09:49:58,SYNC,11.3988074,78.1630343,72,6.32,SYSTEM_IDLE
2026-02-25 09:56:12,SYNC,11.3999291,78.1636096,72,13.98,SYSTEM_IDLE
2026-02-25 09:56:19,SYNC,11.4000158,78.1636518,72,7.52,SYSTEM_IDLE
2026-02-25 09:56:26,SYNC,11.3999821,78.1636346,72,15.49,SYSTEM_IDLE
2026-02-25 09:56:34,SYNC,11.3999655,78.1636268,72,8.37,SYSTEM_IDLE
2026-02-25 09:57:46,SYNC,11.3990991,78.1631857,72,4.28,SYSTEM_IDLE
2026-02-25 09:57:53,SYNC,11.3999335,78.1636183,72,4.73,SYSTEM_IDLE
2026-02-25 09:58:00,SYNC,11.399977,78.1636408,72,6.7,SYSTEM_IDLE
2026-02-25 09:58:07,SYNC,11.3999672,78.1636357,72,7.37,SYSTEM_IDLE
2026-02-25 09:58:26,AI_SCAN,11.3999672,78.1636357,72,76.72,SCANNING_ENVIRONMENT
2026-02-25 09:58:34,AI_SCAN,11.3999672,78.1636357,72,76.57,SCANNING_ENVIRONMENT
2026-02-25 09:59:12,SECURE,11.399961,78.1636325,72,1.99,SECURE_MODE
2026-02-25 09:59:34,SECURE,11.3990622,78.1631664,72,1.77,SECURE_MODE
2026-02-25 09:59:41,SECURE,11.3987356,78.1629971,72,0.57,SECURE_MODE
2026-02-25 10:00:27,AI_SCAN,11.3987356,78.1629971,72,97.39,SCANNING_ENVIRONMENT
2026-02-25 10:00:46,SYNC,11.3988073,78.1630343,72,3.25,SYSTEM_IDLE
2026-02-25 10:02:48,SYNC,11.3988074,78.1630343,0,9.37,SYSTEM_IDLE
2026-02-25 10:03:28,SYNC,11.3988074,78.1630343,0,13.79,SYSTEM_IDLE
2026-02-25 10:03:35,AI_SCAN,11.3988074,78.1630343,68,91.23,SCANNING_ENVIRONMENT
2026-02-25 10:04:04,SECURE,11.3988074,78.1630343,68,1.97,SECURE_MODE
2026-02-25 10:05:52,SYNC,11.3988074,78.1630343,68,7.1,SYSTEM_IDLE
2026-02-25 10:06:14,SYNC,11.3994884,78.160784,68,7.83,SYSTEM_IDLE
2026-02-25 10:06:42,SYNC,11.3994884,78.160784,68,5.71,SYSTEM_IDLE
2026-02-25 10:07:18,SYNC,11.3994884,78.160784,67,8.96,SYSTEM_IDLE
2026-02-25 10:08:40,AI_SCAN,11.3994884,78.160784,67,82.52,SCANNING_ENVIRONMENT
2026-02-25 10:09:02,AI_SCAN,11.3994884,78.160784,67,82.25,SCANNING_ENVIRONMENT
2026-02-25 10:09:33,AI_SCAN,11.3994884,78.160784,67,85.56,SCANNING_ENVIRONMENT
2026-02-25 10:09:42,SYNC,11.3988074,78.1630343,67,7.57,SYSTEM_IDLE
2026-02-25 10:10:37,AI_SCAN,11.3988074,78.1630343,67,84.28,SCANNING_ENVIRONMENT
2026-02-25 10:11:16,SECURE,11.3988074,78.1630343,67,0.14,SECURE_MODE
2026-02-25 10:11:37,SECURE,11.3988074,78.1630343,67,0.47,SECURE_MODE
2026-02-25 10:12:09,SOS,11.3988074,78.1630343,66,100.0,EMERGENCY_ACTIVE
2026-02-25 10:12:42,SOS,11.3988074,78.1630343,66,100.0,EMERGENCY_ACTIVE
2026-02-25 10:12:59,SOS,11.3988074,78.1630343,66,100.0,EMERGENCY_ACTIVE
2026-02-25 10:13:32,SOS,11.3988074,78.1630343,66,100.0,EMERGENCY_ACTIVE
2026-02-25 10:14:31,SOS,11.3988074,78.1630343,66,100.0,EMERGENCY_ACTIVE
2026-02-25 10:15:15,SOS,11.3988074,78.1630343,66,100.0,EMERGENCY_ACTIVE
2026-02-25 10:15:48,SOS,11.3988074,78.1630343,66,100.0,EMERGENCY_ACTIVE
2026-02-25 10:17:17,SOS,11.3988074,78.1630343,66,100.0,EMERGENCY_ACTIVE
2026-02-25 10:17:50,SOS,11.3988074,78.1630343,66,100.0,EMERGENCY_ACTIVE
2026-02-25 10:18:41,SOS,11.4000981,78.1627795,66,100.0,EMERGENCY_ACTIVE
2026-02-25 10:18:48,SOS,11.4001466,78.1627699,66,100.0,EMERGENCY_ACTIVE
2026-02-25 10:18:55,SOS,11.400127,78.1627683,66,100.0,EMERGENCY_ACTIVE
2026-02-25 10:19:02,SOS,11.4001086,78.1627704,66,100.0,EMERGENCY_ACTIVE
2026-02-25 10:20:29,SOS,11.4001086,78.1627704,66,100.0,EMERGENCY_ACTIVE
2026-02-25 10:21:02,SOS,11.3987817,78.1630395,66,100.0,EMERGENCY_ACTIVE
2026-02-25 10:21:10,SOS,11.3988037,78.163035,66,100.0,EMERGENCY_ACTIVE
2026-02-25 10:23:23,SOS,11.3988037,78.163035,66,100.0,EMERGENCY_ACTIVE
2026-02-25 10:23:36,SOS,11.3988037,78.163035,66,100.0,EMERGENCY_ACTIVE
2026-02-25 10:23:39,SOS,11.3988037,78.163035,66,100.0,EMERGENCY_ACTIVE
2026-02-25 10:23:56,SOS,11.3988037,78.163035,66,100.0,EMERGENCY_ACTIVE
2026-02-25 10:24:31,SOS,11.3988074,78.1630343,66,100.0,EMERGENCY_ACTIVE
2026-02-25 10:24:54,SOS,11.3988074,78.1630343,66,100.0,EMERGENCY_ACTIVE
2026-02-25 10:24:58,SOS,11.3988074,78.1630343,66,100.0,EMERGENCY_ACTIVE
2026-02-25 10:24:59,SOS,11.3988074,78.1630343,66,100.0,EMERGENCY_ACTIVE
2026-02-25 10:24:59,SOS,11.3988074,78.1630343,66,100.0,EMERGENCY_ACTIVE
2026-02-25 10:24:59,SOS,11.3988074,78.1630343,66,100.0,EMERGENCY_ACTIVE
2026-02-25 10:24:59,SOS,11.3988074,78.1630343,66,100.0,EMERGENCY_ACTIVE
2026-02-25 10:25:14,SOS,11.3988074,78.1630343,66,100.0,EMERGENCY_ACTIVE
2026-02-25 10:26:44,SOS,11.3988074,78.1630343,66,100.0,EMERGENCY_ACTIVE
2026-02-25 10:27:22,SOS,11.3988074,78.1630343,66,100.0,EMERGENCY_ACTIVE
2026-02-25 10:27:39,SOS,11.3988074,78.1630343,66,100.0,EMERGENCY_ACTIVE
2026-02-25 10:31:02,SOS,11.3988074,78.1630343,66,100.0,EMERGENCY_ACTIVE
2026-02-25 10:31:34,SOS,11.3988074,78.1630343,66,100.0,EMERGENCY_ACTIVE
2026-02-25 10:46:02,SYNC,11.4000587,78.1635838,0,5.69,SYSTEM_IDLE
2026-02-25 10:46:18,AI_SCAN,11.4000587,78.1635838,57,83.54,SCANNING_ENVIRONMENT
2026-02-25 10:46:54,SOS,11.4000587,78.1635838,57,100.0,EMERGENCY_ACTIVE
2026-02-25 10:47:55,AI_SCAN,11.4000587,78.1635838,57,78.91,SCANNING_ENVIRONMENT
2026-02-25 10:48:31,AI_SCAN,11.4000587,78.1635838,57,84.79,SCANNING_ENVIRONMENT
2026-02-25 10:48:37,AI_SCAN,11.4000587,78.1635838,57,80.85,SCANNING_ENVIRONMENT
2026-02-25 10:50:43,SYNC,11.4000619,78.1635855,0,8.66,SYSTEM_IDLE
2026-02-25 10:50:50,SYNC,11.4000626,78.1635849,55,10.94,SYSTEM_IDLE
2026-02-25 10:50:57,SYNC,11.4000625,78.1635849,55,6.05,SYSTEM_IDLE
2026-02-25 10:51:44,SYNC,11.4000625,78.1635849,0,5.78,SYSTEM_IDLE
2026-02-25 10:53:40,SYNC,11.400063,78.163585,55,3.14,SYSTEM_IDLE
2026-02-25 10:53:55,SYNC,11.4000632,78.163585,54,2.67,SYSTEM_IDLE
2026-02-25 10:54:38,SECURE,11.4000629,78.1635552,54,1.4,SECURE_MODE
2026-02-25 10:54:45,SYNC,11.4000627,78.1635826,54,11.65,SYSTEM_IDLE
2026-02-25 10:54:52,AI_SCAN,11.4000627,78.1635826,54,96.09,SCANNING_ENVIRONMENT
2026-02-25 10:54:52,SYNC,11.4000648,78.1635076,54,13.66,SYSTEM_IDLE
2026-02-25 10:55:00,SYNC,11.400066,78.1629977,54,9.13,SYSTEM_IDLE
2026-02-25 10:55:07,SYNC,11.4000685,78.1631234,54,5.7,SYSTEM_IDLE
2026-02-25 10:55:10,AI_SCAN,11.4000685,78.1631234,54,98.18,SCANNING_ENVIRONMENT
2026-02-25 10:55:14,SYNC,11.400064,78.1629869,54,7.86,SYSTEM_IDLE
2026-02-25 10:55:21,SYNC,11.4000633,78.1635261,54,10.97,SYSTEM_IDLE
2026-02-25 10:55:27,SOS,11.4000633,78.1635261,54,100.0,EMERGENCY_ACTIVE
2026-02-25 10:55:28,SOS,11.4000634,78.1635631,54,100.0,EMERGENCY_ACTIVE
2026-02-25 10:55:43,SYNC,11.4000616,78.1635825,54,5.26,SYSTEM_IDLE
2026-02-25 10:55:58,SYNC,11.400061,78.1635649,54,7.23,SYSTEM_IDLE
2026-02-25 10:56:05,SYNC,11.400063,78.1635841,54,8.01,SYSTEM_IDLE
2026-02-25 10:56:12,SYNC,11.4000601,78.1635565,54,8.35,SYSTEM_IDLE
2026-02-25 10:56:20,SYNC,11.4000619,78.1635818,54,3.7,SYSTEM_IDLE
2026-02-25 10:56:27,SYNC,11.4000621,78.1635713,54,14.46,SYSTEM_IDLE
2026-02-25 10:56:34,SYNC,11.4000636,78.1635844,54,9.41,SYSTEM_IDLE
2026-02-25 11:18:49,SYNC,11.4005072,78.1619655,0,13.17,SYSTEM_IDLE
2026-02-25 11:18:54,AI_SCAN,11.4005072,78.1619655,49,84.91,SCANNING_ENVIRONMENT
2026-02-25 11:19:05,SOS,11.4005072,78.1619655,49,100.0,EMERGENCY_ACTIVE
2026-02-25 11:23:51,AI_SCAN,11.4005072,78.1619655,47,93.59,SCANNING_ENVIRONMENT
2026-02-25 11:24:05,SECURE,11.4005072,78.1619655,49,1.98,SECURE_MODE
2026-02-25 11:24:10,SOS,11.4005072,78.1619655,47,100.0,EMERGENCY_ACTIVE
2026-02-25 11:26:50,SYNC,11.4005072,78.1619655,0,12.98,SYSTEM_IDLE
2026-02-25 11:31:50,SYNC,11.3988074,78.1630343,0,7.85,SYSTEM_IDLE
2026-02-25 11:34:16,AI_SCAN,11.3988074,78.1630343,45,84.27,SCANNING_ENVIRONMENT
2026-02-25 11:36:40,AI_SCAN,11.3988074,78.1630343,45,83.3,SCANNING_ENVIRONMENT
2026-02-25 11:36:44,SOS,11.3988074,78.1630343,45,100.0,EMERGENCY_ACTIVE
2026-02-25 23:05:58,SYNC,11.2102359,78.1888129,0,8.22,SYSTEM_IDLE
2026-02-25 23:06:15,AI_SCAN,11.2102359,78.1888129,76,81.71,SCANNING_ENVIRONMENT
2026-02-25 23:06:23,AI_SCAN,11.2102359,78.1888129,76,97.91,SCANNING_ENVIRONMENT
2026-02-25 23:06:26,SOS,11.2102359,78.1888129,76,100.0,EMERGENCY_ACTIVE
2026-02-25 23:07:00,SECURE,11.2102372,78.1888097,76,0.16,SECURE_MODE
2026-02-25 23:07:55,SYNC,11.2102358,78.1888136,0,11.02,SYSTEM_IDLE
2026-02-25 23:08:03,SYNC,11.2102358,78.1888136,76,13.01,SYSTEM_IDLE
2026-02-25 23:08:10,SYNC,11.2102372,78.1888097,76,5.31,SYSTEM_IDLE
2026-02-25 23:08:18,SYNC,11.2102358,78.1888136,76,12.08,SYSTEM_IDLE
2026-02-25 23:08:45,SYNC,11.2102358,78.1888144,0,15.46,SYSTEM_IDLE
2026-02-25 23:09:48,SYNC,11.2102359,78.1888129,0,6.49,SYSTEM_IDLE
2026-02-25 23:10:27,SYNC,11.2102363,78.1888164,75,7.83,SYSTEM_IDLE
2026-02-25 23:18:05,SYNC,11.2103367,78.1888278,75,13.99,SYSTEM_IDLE
2026-02-25 23:18:13,SYNC,11.2102344,78.1888113,75,4.11,SYSTEM_IDLE
2026-02-25 23:24:38,SYNC,11.2102358,78.1888136,0,3.57,SYSTEM_IDLE
2026-02-25 23:24:42,AI_SCAN,11.2102358,78.1888136,72,80.06,SCANNING_ENVIRONMENT
2026-02-25 23:25:14,SOS,11.2102358,78.1888136,72,100.0,EMERGENCY_ACTIVE
2026-02-27 21:15:20,SYNC,11.9220774,79.6260567,0,11.48,SYSTEM_IDLE
2026-02-27 21:15:27,SYNC,11.9220519,79.6260583,0,10.12,SYSTEM_IDLE
2026-02-27 21:15:34,SYNC,11.922077,79.6260724,0,15.1,SYSTEM_IDLE
2026-02-27 21:15:42,SYNC,11.9220563,79.6261037,0,12.32,SYSTEM_IDLE
2026-02-27 21:15:49,SYNC,11.922022,79.626064,0,10.47,SYSTEM_IDLE
2026-02-27 21:15:56,SYNC,11.9220849,79.626084,0,11.89,SYSTEM_IDLE
2026-02-27 21:16:03,SYNC,11.9220469,79.6260641,0,14.88,SYSTEM_IDLE
2026-02-27 21:16:05,AI_SCAN,11.9220469,79.6260641,64,86.56,SCANNING_ENVIRONMENT
2026-02-27 21:16:11,SYNC,11.9220599,79.6260576,0,7.7,SYSTEM_IDLE
2026-02-27 21:16:18,SYNC,11.9220711,79.6260597,0,14.75,SYSTEM_IDLE
2026-02-27 21:16:25,SYNC,11.9220809,79.6260597,0,9.24,SYSTEM_IDLE
2026-02-27 21:16:30,AI_SCAN,11.9220809,79.6260597,64,91.61,SCANNING_ENVIRONMENT
2026-02-27 21:16:40,SYNC,11.9220447,79.6260547,0,14.34,SYSTEM_IDLE
2026-02-27 21:16:54,SYNC,11.9220396,79.6260638,0,5.8,SYSTEM_IDLE
2026-02-27 21:17:02,SECURE,11.9220736,79.6260793,0,1.39,SECURE_MODE
2026-02-27 21:17:09,SECURE,11.9220307,79.6260566,0,1.3,SECURE_MODE
2026-02-27 21:17:16,SECURE,11.9220628,79.6260693,0,1.45,SECURE_MODE
2026-02-27 21:17:23,SECURE,11.9220514,79.6260582,0,0.43,SECURE_MODE
2026-02-27 21:17:31,SECURE,11.9220741,79.6260718,0,1.34,SECURE_MODE
2026-02-27 21:17:38,SYNC,11.9220886,79.6260613,0,9.91,SYSTEM_IDLE
2026-02-27 21:17:45,SYNC,11.9220628,79.6260625,0,14.91,SYSTEM_IDLE
2026-02-27 21:17:45,SOS,11.9220628,79.6260625,64,100.0,EMERGENCY_ACTIVE
2026-02-27 21:18:07,SYNC,11.9220423,79.6260619,0,2.17,SYSTEM_IDLE
2026-02-27 21:18:29,SYNC,11.9220365,79.6260555,0,9.1,SYSTEM_IDLE
2026-02-27 21:18:44,SYNC,11.9220403,79.6260465,0,7.09,SYSTEM_IDLE
2026-02-27 21:18:51,SYNC,11.9220485,79.6260548,0,11.37,SYSTEM_IDLE
2026-02-27 21:18:58,SYNC,11.9220335,79.6260623,0,3.2,SYSTEM_IDLE
2026-02-27 21:19:06,SYNC,11.9220441,79.6260452,0,15.33,SYSTEM_IDLE
2026-02-27 21:19:13,SYNC,11.9220602,79.6260645,0,15.02,SYSTEM_IDLE
2026-02-27 21:19:20,SYNC,11.9220511,79.6260641,0,11.98,SYSTEM_IDLE
2026-02-27 21:19:27,SYNC,11.9220364,79.6260432,0,7.39,SYSTEM_IDLE
2026-02-27 21:19:42,SYNC,11.9220579,79.6260638,0,9.75,SYSTEM_IDLE
2026-02-27 21:19:57,SYNC,11.9220352,79.6260599,0,6.37,SYSTEM_IDLE
2026-02-27 21:20:04,SYNC,11.9220497,79.6260725,0,3.17,SYSTEM_IDLE
2026-02-27 21:20:11,SYNC,11.9220225,79.6260444,0,4.91,SYSTEM_IDLE
2026-02-27 21:20:19,SYNC,11.9221074,79.6260792,0,2.89,SYSTEM_IDLE
2026-02-27 21:20:26,SYNC,11.9220713,79.6260645,0,4.9,SYSTEM_IDLE
2026-02-27 21:20:33,SYNC,11.922024,79.6261083,0,14.57,SYSTEM_IDLE
2026-02-27 21:20:40,SYNC,11.9220349,79.6260689,0,15.18,SYSTEM_IDLE
2026-02-27 21:20:48,SYNC,11.9220444,79.6260768,0,6.1,SYSTEM_IDLE
2026-02-27 21:20:55,SYNC,11.9220435,79.6260438,0,6.29,SYSTEM_IDLE
2026-02-27 21:21:02,SYNC,11.9220046,79.6260448,0,2.8,SYSTEM_IDLE
2026-02-27 21:21:10,SYNC,11.9220465,79.6260499,0,15.28,SYSTEM_IDLE
2026-02-27 21:21:17,SYNC,11.9220836,79.6260785,0,8.62,SYSTEM_IDLE
2026-02-27 21:21:24,SYNC,11.9220812,79.6260565,0,11.35,SYSTEM_IDLE
2026-02-27 21:21:39,SYNC,11.922096,79.6260816,0,5.43,SYSTEM_IDLE
2026-02-27 21:21:46,SYNC,11.9220635,79.626073,0,10.81,SYSTEM_IDLE
2026-02-27 21:21:53,SYNC,11.9220536,79.6260669,0,8.54,SYSTEM_IDLE
2026-02-27 21:22:01,SYNC,11.922042,79.6260929,0,6.95,SYSTEM_IDLE
2026-02-27 21:22:08,SYNC,11.9220835,79.6260627,0,8.64,SYSTEM_IDLE
2026-02-27 21:22:15,SYNC,11.9220479,79.6260821,0,7.47,SYSTEM_IDLE
2026-02-27 21:22:22,SYNC,11.9220734,79.6260824,0,7.9,SYSTEM_IDLE
2026-02-27 21:22:30,SYNC,11.9220426,79.626069,0,9.9,SYSTEM_IDLE
2026-02-27 21:22:37,SYNC,11.9220174,79.626047,0,5.02,SYSTEM_IDLE
2026-02-27 21:22:44,SYNC,11.922067,79.6260568,0,7.24,SYSTEM_IDLE
2026-02-27 21:22:52,SYNC,11.9220674,79.6260686,0,11.83,SYSTEM_IDLE
2026-02-27 21:22:59,SYNC,11.9220414,79.6260691,0,6.48,SYSTEM_IDLE
2026-02-27 21:23:06,SYNC,11.9220547,79.6260594,0,6.23,SYSTEM_IDLE
2026-02-27 21:23:13,SYNC,11.9220507,79.6260738,0,11.08,SYSTEM_IDLE
2026-02-27 21:23:21,SYNC,11.9220824,79.6260662,0,6.94,SYSTEM_IDLE
2026-02-27 21:23:28,SYNC,11.9220446,79.6260583,0,5.76,SYSTEM_IDLE
2026-02-27 21:23:35,SYNC,11.9221097,79.626098,0,7.75,SYSTEM_IDLE
2026-02-27 21:23:43,SYNC,11.9220627,79.626063,0,12.38,SYSTEM_IDLE
2026-02-27 21:23:50,SYNC,11.9220876,79.6260543,0,9.67,SYSTEM_IDLE
2026-02-27 21:23:57,SYNC,11.9220236,79.6260589,0,8.32,SYSTEM_IDLE
2026-02-27 21:24:04,SYNC,11.9220642,79.6260697,0,9.45,SYSTEM_IDLE
2026-02-27 21:24:12,SYNC,11.9220829,79.6260701,0,10.58,SYSTEM_IDLE
2026-02-27 21:24:19,SYNC,11.9220543,79.6260597,0,11.55,SYSTEM_IDLE
2026-02-27 21:24:26,SYNC,11.922072,79.6260587,0,7.87,SYSTEM_IDLE
2026-02-27 21:24:34,SYNC,11.9220618,79.6260726,0,7.21,SYSTEM_IDLE
2026-02-27 21:24:41,SYNC,11.9220532,79.6260526,0,12.99,SYSTEM_IDLE
2026-02-27 21:24:48,SYNC,11.9220404,79.6260569,0,2.92,SYSTEM_IDLE
2026-02-27 21:24:56,SYNC,11.9220401,79.6260733,0,12.46,SYSTEM_IDLE
2026-02-27 21:25:03,SYNC,11.922065,79.6260777,0,14.13,SYSTEM_IDLE
2026-02-27 21:25:10,SYNC,11.922033,79.6260667,0,10.21,SYSTEM_IDLE
2026-02-27 21:25:17,SYNC,11.9220216,79.6260615,0,8.57,SYSTEM_IDLE
2026-02-27 21:25:32,SYNC,11.9220568,79.6260577,0,13.08,SYSTEM_IDLE
2026-02-27 21:25:39,SYNC,11.9220495,79.6260672,0,11.96,SYSTEM_IDLE
2026-02-27 21:25:46,SYNC,11.9220693,79.6260798,0,8.15,SYSTEM_IDLE
2026-02-27 21:25:54,SYNC,11.9220392,79.6260696,0,10.01,SYSTEM_IDLE
2026-02-27 21:26:01,SYNC,11.9220582,79.6260598,0,9.81,SYSTEM_IDLE
2026-02-27 21:26:08,SYNC,11.9220782,79.6260648,0,15.26,SYSTEM_IDLE
2026-02-27 21:26:16,SYNC,11.9220992,79.626121,0,4.15,SYSTEM_IDLE
2026-02-27 21:26:23,SYNC,11.9220335,79.6260639,0,2.99,SYSTEM_IDLE
2026-02-27 21:26:30,SYNC,11.922062,79.6260666,0,9.68,SYSTEM_IDLE
2026-02-27 21:26:37,SYNC,11.9220213,79.6260547,0,8.27,SYSTEM_IDLE
2026-02-27 21:26:45,SYNC,11.9220653,79.6260806,0,12.16,SYSTEM_IDLE
2026-02-27 21:26:52,SYNC,11.9221012,79.626073,0,7.85,SYSTEM_IDLE
2026-02-27 21:26:59,SYNC,11.9220536,79.6260666,0,9.76,SYSTEM_IDLE
2026-02-27 21:27:07,SYNC,11.9220584,79.6260587,0,6.22,SYSTEM_IDLE
2026-02-27 21:27:14,SYNC,11.922118,79.6260899,0,12.85,SYSTEM_IDLE
2026-02-27 21:27:21,SYNC,11.9220383,79.6260767,0,10.39,SYSTEM_IDLE
2026-02-27 21:27:28,SYNC,11.9220462,79.6260561,0,3.67,SYSTEM_IDLE
2026-02-27 21:27:36,SYNC,11.9220022,79.6260403,0,10.33,SYSTEM_IDLE
2026-02-27 21:27:43,SYNC,11.9220519,79.6260569,0,13.24,SYSTEM_IDLE
2026-02-27 21:27:50,SYNC,11.9220397,79.6260513,0,13.6,SYSTEM_IDLE
2026-02-27 21:27:58,SYNC,11.9220635,79.6261103,0,4.19,SYSTEM_IDLE
2026-02-27 21:28:05,SYNC,11.9220886,79.6260716,0,6.89,SYSTEM_IDLE
2026-02-27 21:28:12,SYNC,11.9220677,79.6260741,0,12.48,SYSTEM_IDLE
2026-02-27 21:28:27,SYNC,11.9220939,79.6260611,0,5.5,SYSTEM_IDLE
2026-02-27 21:28:34,SYNC,11.9220332,79.6260488,0,14.63,SYSTEM_IDLE
2026-02-27 21:28:41,SYNC,11.92206,79.6260735,0,5.96,SYSTEM_IDLE
2026-02-27 21:28:49,SYNC,11.9220319,79.6260418,0,9.73,SYSTEM_IDLE
2026-02-27 21:28:56,SYNC,11.9220673,79.6260588,0,5.26,SYSTEM_IDLE
2026-02-27 21:29:03,SYNC,11.9220811,79.6260596,0,10.83,SYSTEM_IDLE
2026-02-27 21:29:11,SYNC,11.9220507,79.6260643,0,3.62,SYSTEM_IDLE
2026-02-27 21:29:18,SYNC,11.9221027,79.6260832,0,11.7,SYSTEM_IDLE
2026-02-27 21:29:25,SYNC,11.9220498,79.6260603,0,12.36,SYSTEM_IDLE
2026-02-27 21:29:33,SYNC,11.923491,79.6282211,0,6.27,SYSTEM_IDLE
2026-02-27 21:29:40,SYNC,11.9220368,79.6260573,0,7.94,SYSTEM_IDLE
2026-02-27 21:29:47,SYNC,11.9220686,79.6260714,0,13.21,SYSTEM_IDLE
2026-02-27 21:29:54,SYNC,11.9221593,79.6261029,0,5.51,SYSTEM_IDLE
2026-02-27 21:30:02,SYNC,11.9220941,79.626128,0,3.98,SYSTEM_IDLE
2026-02-27 21:30:09,SYNC,11.9220629,79.6260562,0,7.06,SYSTEM_IDLE
2026-02-27 21:30:23,SYNC,11.9220354,79.6260476,0,11.73,SYSTEM_IDLE
2026-02-27 21:30:31,SYNC,11.9220727,79.6260585,0,7.8,SYSTEM_IDLE
2026-02-27 21:30:45,SYNC,11.9234907,79.6282213,0,11.87,SYSTEM_IDLE
2026-02-27 21:30:53,SYNC,11.9220297,79.6260642,0,13.77,SYSTEM_IDLE
2026-02-27 21:31:00,SYNC,11.9220466,79.6260599,0,3.22,SYSTEM_IDLE
2026-02-27 21:31:14,SYNC,11.9220649,79.6260642,0,9.84,SYSTEM_IDLE
2026-02-27 21:31:22,SYNC,11.9220944,79.6260659,0,11.91,SYSTEM_IDLE
2026-02-27 21:31:29,SYNC,11.9220367,79.626067,0,15.5,SYSTEM_IDLE
2026-02-27 21:31:36,SYNC,11.9220602,79.6260771,0,2.92,SYSTEM_IDLE
2026-02-27 21:31:44,SYNC,11.9220552,79.6260673,0,15.24,SYSTEM_IDLE
2026-02-27 21:31:51,SYNC,11.9220654,79.6261161,0,6.36,SYSTEM_IDLE
2026-02-27 21:31:58,SYNC,11.9220943,79.6260681,0,4.12,SYSTEM_IDLE
2026-02-28 09:48:56,SYNC,11.9229216,79.6264664,77,2.3,SYSTEM_IDLE
2026-02-28 09:49:29,SYNC,11.9227052,79.6264828,0,4.3,SYSTEM_IDLE
2026-02-28 09:49:30,SYNC,11.9229311,79.6264483,0,7.14,SYSTEM_IDLE
2026-02-28 09:49:36,SYNC,11.9229272,79.626459,0,14.13,SYSTEM_IDLE
2026-02-28 09:49:45,AI_SCAN,11.9229272,79.626459,75,81.58,SCANNING_ENVIRONMENT
2026-02-28 09:49:48,SYNC,11.9229257,79.6264689,0,9.16,SYSTEM_IDLE
2026-02-28 09:50:00,AI_SCAN,11.9229257,79.6264689,75,93.8,SCANNING_ENVIRONMENT
2026-02-28 09:50:18,SYNC,11.9229348,79.6264672,0,11.21,SYSTEM_IDLE
2026-02-28 09:50:45,SYNC,11.9229307,79.6264567,0,3.18,SYSTEM_IDLE
2026-02-28 09:50:54,SYNC,11.9229417,79.626455,0,11.65,SYSTEM_IDLE
2026-02-28 11:19:41,SYNC,11.9227646,79.6265019,0,8.02,SYSTEM_IDLE
2026-02-28 11:19:43,SYNC,11.9228864,79.6263935,0,2.2,SYSTEM_IDLE
2026-02-28 11:19:47,SYNC,11.9229209,79.6264194,0,9.28,SYSTEM_IDLE
2026-02-28 11:19:50,SYNC,11.92293,79.6264268,0,5.77,SYSTEM_IDLE
2026-02-28 11:20:02,SYNC,11.9229236,79.6264373,0,10.83,SYSTEM_IDLE
2026-02-28 11:20:20,SYNC,11.9229328,79.626435,0,7.44,SYSTEM_IDLE
2026-02-28 11:20:32,SYNC,11.9229326,79.6264252,0,6.85,SYSTEM_IDLE
2026-02-28 11:20:41,SYNC,11.9229324,79.6264353,0,8.84,SYSTEM_IDLE
2026-02-28 11:20:42,SOS,11.9229324,79.6264353,60,100.0,EMERGENCY_ACTIVE
2026-02-28 11:20:50,SOS,11.9229329,79.6264253,0,100.0,EMERGENCY_ACTIVE
2026-02-28 11:20:56,SOS,11.9229239,79.626418,0,100.0,EMERGENCY_ACTIVE
2026-02-28 11:21:29,SYNC,11.9229247,79.6264062,0,14.36,SYSTEM_IDLE
2026-02-28 11:25:35,SYNC,11.9229171,79.6264113,0,7.77,SYSTEM_IDLE
2026-02-28 13:23:44,SYNC,11.9229124,79.6265406,0,12.25,SYSTEM_IDLE
2026-02-28 13:23:49,SYNC,11.9229174,79.6265322,0,15.22,SYSTEM_IDLE
2026-02-28 13:23:53,SYNC,11.9228261,79.6265634,0,7.02,SYSTEM_IDLE
2026-02-28 13:23:56,SYNC,11.9229114,79.6264659,0,9.68,SYSTEM_IDLE
2026-02-28 13:24:08,SYNC,11.9229013,79.6264671,0,8.41,SYSTEM_IDLE
2026-02-28 13:24:44,SYNC,11.9228953,79.6264788,0,15.22,SYSTEM_IDLE
2026-02-28 13:25:14,SYNC,11.9229039,79.6264838,0,9.0,SYSTEM_IDLE
2026-02-28 13:25:38,SYNC,11.922913,79.6264835,0,6.49,SYSTEM_IDLE
2026-02-28 13:42:49,SOS,11.922913,79.6264835,94,100.0,EMERGENCY_ACTIVE
2026-03-02 09:19:52,SYNC,11.2101464,78.188719,0,5.58,SYSTEM_IDLE
2026-03-02 09:22:12,AI_SCAN,11.2101464,78.188719,82,80.17,SCANNING_ENVIRONMENT
2026-03-02 09:22:19,AI_SCAN,11.2101464,78.188719,82,82.17,SCANNING_ENVIRONMENT
2026-03-02 09:22:34,SOS,11.2101464,78.188719,82,100.0,EMERGENCY_ACTIVE
2026-03-02 09:33:59,SYNC,11.2101469,78.1887175,0,2.6,SYSTEM_IDLE
2026-03-02 09:34:02,AI_SCAN,11.2101469,78.1887175,79,91.51,SCANNING_ENVIRONMENT
2026-03-02 09:34:19,SOS,11.2101469,78.1887175,79,100.0,EMERGENCY_ACTIVE
2026-03-02 09:38:43,AI_SCAN,11.2101469,78.1887175,79,84.0,SCANNING_ENVIRONMENT
2026-03-02 09:38:48,AI_SCAN,11.2101469,78.1887175,79,80.42,SCANNING_ENVIRONMENT
2026-03-02 16:40:24,SYNC,11.2101394,78.1887085,0,5.56,SYSTEM_IDLE
2026-03-02 16:40:32,SYNC,11.2101459,78.1887182,0,5.8,SYSTEM_IDLE
2026-03-02 16:40:34,AI_SCAN,11.2101459,78.1887182,42,95.5,SCANNING_ENVIRONMENT
2026-03-02 16:40:55,SECURE,11.2101334,78.1887137,0,0.23,SECURE_MODE
2026-03-02 16:40:59,SECURE,11.210112,78.1887106,0,0.36,SECURE_MODE
2026-03-02 16:41:02,SECURE,11.2098406,78.1886435,0,0.41,SECURE_MODE
2026-03-02 16:41:05,SECURE,11.2100547,78.1886968,0,1.16,SECURE_MODE
2026-03-02 16:41:11,SECURE,11.2100389,78.1886808,0,0.87,SECURE_MODE
2026-03-02 16:41:14,SYNC,11.2100538,78.1886859,0,10.88,SYSTEM_IDLE
2026-03-02 16:41:17,SYNC,11.2100277,78.1886758,0,5.34,SYSTEM_IDLE
2026-03-02 16:41:20,SYNC,11.2098848,78.1886128,0,2.31,SYSTEM_IDLE
2026-03-02 16:41:20,SOS,11.2098848,78.1886128,42,100.0,EMERGENCY_ACTIVE
2026-03-02 16:41:26,SOS,11.2098879,78.1886235,0,100.0,EMERGENCY_ACTIVE
2026-03-02 16:41:29,SOS,11.2098667,78.1886273,0,100.0,EMERGENCY_ACTIVE
2026-03-02 16:41:35,SOS,11.2100245,78.1886799,0,100.0,EMERGENCY_ACTIVE
2026-03-02 16:41:38,SYNC,11.2100692,78.1886893,0,7.13,SYSTEM_IDLE
2026-03-02 16:41:47,SYNC,11.2100792,78.1886936,0,7.42,SYSTEM_IDLE
2026-03-02 16:41:50,SYNC,11.2098888,78.1886296,0,8.78,SYSTEM_IDLE
2026-03-02 16:41:53,SYNC,11.2100473,78.1886859,0,3.02,SYSTEM_IDLE
2026-03-02 16:41:56,SYNC,11.2100711,78.1886959,0,2.11,SYSTEM_IDLE
2026-03-02 16:42:05,SYNC,11.2100573,78.1886904,0,3.44,SYSTEM_IDLE
2026-03-02 16:42:14,SYNC,11.2100689,78.1886941,0,11.98,SYSTEM_IDLE
2026-03-02 16:42:29,SYNC,11.2098815,78.1886384,0,9.03,SYSTEM_IDLE
2026-03-02 16:42:32,SYNC,11.2100424,78.1886865,0,7.55,SYSTEM_IDLE
2026-03-02 16:42:35,SYNC,11.21007,78.1886949,0,3.24,SYSTEM_IDLE
2026-03-02 16:42:47,SYNC,11.210084,78.1887023,0,3.38,SYSTEM_IDLE
2026-03-02 16:42:50,SYNC,11.2100724,78.1886992,0,15.09,SYSTEM_IDLE
2026-03-02 16:42:53,SYNC,11.2098912,78.1886512,0,14.17,SYSTEM_IDLE
2026-03-02 16:42:56,SYNC,11.2100612,78.1886969,0,14.15,SYSTEM_IDLE
2026-03-02 16:42:59,SYNC,11.210081,78.1887022,0,8.67,SYSTEM_IDLE
2026-03-02 16:43:02,SYNC,11.2100727,78.1886979,0,13.68,SYSTEM_IDLE
2026-03-02 16:43:05,SYNC,11.2100826,78.1887,0,14.45,SYSTEM_IDLE
2026-03-02 16:43:17,SYNC,11.2098937,78.1886519,0,11.83,SYSTEM_IDLE
2026-03-02 16:43:20,SYNC,11.2100579,78.1886951,0,2.95,SYSTEM_IDLE
2026-03-02 16:45:39,SYNC,11.2101472,78.1887167,0,7.61,SYSTEM_IDLE
2026-03-02 16:46:10,SYNC,11.2099697,78.1886814,0,3.83,SYSTEM_IDLE
2026-03-02 16:46:13,SYNC,11.2101234,78.1887124,0,5.28,SYSTEM_IDLE
2026-03-02 16:46:19,SYNC,11.2101331,78.1887112,0,5.94,SYSTEM_IDLE
2026-03-02 16:46:25,SYNC,11.2101213,78.188707,0,8.51,SYSTEM_IDLE
2026-03-02 16:46:31,SYNC,11.2100986,78.1887001,0,4.78,SYSTEM_IDLE
2026-03-02 16:46:34,SYNC,11.2100697,78.1886858,0,11.25,SYSTEM_IDLE
2026-03-02 16:46:40,SYNC,11.2100557,78.1886798,0,4.16,SYSTEM_IDLE
2026-03-02 16:46:43,SYNC,11.2100895,78.1886951,0,10.58,SYSTEM_IDLE
2026-03-02 16:46:49,SYNC,11.2099239,78.188629,0,6.03,SYSTEM_IDLE
2026-03-02 16:46:52,SYNC,11.2100573,78.1886833,0,3.0,SYSTEM_IDLE
2026-03-02 16:46:55,SYNC,11.2100884,78.1886948,0,10.43,SYSTEM_IDLE
2026-03-02 16:46:58,SYNC,11.2101062,78.1887025,0,6.46,SYSTEM_IDLE
2026-03-02 16:47:19,SYNC,11.2100962,78.1886989,0,6.81,SYSTEM_IDLE
2026-03-02 16:47:22,SYNC,11.2100822,78.1886936,0,12.61,SYSTEM_IDLE
2026-03-02 16:47:28,SYNC,11.2098882,78.1886221,0,5.12,SYSTEM_IDLE
